file_name,WRIST_x,WRIST_y,WRIST_z,THUMB_CMC_x,THUMB_CMC_y,THUMB_CMC_z,THUMB_MCP_x,THUMB_MCP_y,THUMB_MCP_z,THUMB_IP_x,THUMB_IP_y,THUMB_IP_z,THUMB_TIP_x,THUMB_TIP_y,THUMB_TIP_z,INDEX_FINGER_MCP_x,INDEX_FINGER_MCP_y,INDEX_FINGER_MCP_z,INDEX_FINGER_PIP_x,INDEX_FINGER_PIP_y,INDEX_FINGER_PIP_z,INDEX_FINGER_DIP_x,INDEX_FINGER_DIP_y,INDEX_FINGER_DIP_z,INDEX_FINGER_TIP_x,INDEX_FINGER_TIP_y,INDEX_FINGER_TIP_z,MIDDLE_FINGER_MCP_x,MIDDLE_FINGER_MCP_y,MIDDLE_FINGER_MCP_z,MIDDLE_FINGER_PIP_x,MIDDLE_FINGER_PIP_y,MIDDLE_FINGER_PIP_z,MIDDLE_FINGER_DIP_x,MIDDLE_FINGER_DIP_y,MIDDLE_FINGER_DIP_z,MIDDLE_FINGER_TIP_x,MIDDLE_FINGER_TIP_y,MIDDLE_FINGER_TIP_z,RING_FINGER_MCP_x,RING_FINGER_MCP_y,RING_FINGER_MCP_z,RING_FINGER_PIP_x,RING_FINGER_PIP_y,RING_FINGER_PIP_z,RING_FINGER_DIP_x,RING_FINGER_DIP_y,RING_FINGER_DIP_z,RING_FINGER_TIP_x,RING_FINGER_TIP_y,RING_FINGER_TIP_z,PINKY_MCP_x,PINKY_MCP_y,PINKY_MCP_z,PINKY_PIP_x,PINKY_PIP_y,PINKY_PIP_z,PINKY_DIP_x,PINKY_DIP_y,PINKY_DIP_z,PINKY_TIP_x,PINKY_TIP_y,PINKY_TIP_z
00_000,0.0,0.0,0.0,0.09854787588119507,-0.02326756715774536,-0.03561246157721598,0.1915377974510193,-0.0934261679649353,-0.04885178567008097,0.2578912377357483,-0.15887337923049927,-0.06067420304850657,0.31467217206954956,-0.18270277976989746,-0.06375573338107188,0.12393444776535034,-0.205500990152359,-0.013953370462218118,0.1456843614578247,-0.2675533592700958,-0.048523401330271554,0.12849098443984985,-0.1888904869556427,-0.058976130048790765,0.1220322847366333,-0.16396954655647278,-0.061768000434199166,0.06805634498596191,-0.2165624499320984,-0.012289251620927644,0.08759254217147827,-0.2662588357925415,-0.04750260473326762,0.07521867752075195,-0.17104226350784302,-0.04611838744119723,0.07085394859313965,-0.1632341742515564,-0.03800559924081881,0.011258542537689209,-0.21756768226623535,-0.01849086904064734,0.029968857765197754,-0.2665957808494568,-0.05737866596416552,0.025285303592681885,-0.18281295895576477,-0.035791513930121255,0.019901692867279053,-0.1754375696182251,-0.012764398428657842,-0.04988294839859009,-0.2140943706035614,-0.02779509634808619,-0.03167223930358887,-0.2605702579021454,-0.04651291431025584,-0.024398386478424072,-0.20451834797859192,-0.025017937134066415,-0.029099345207214355,-0.18692448735237122,-0.0040616439199538945
01_001,0.0,0.0,0.0,0.09909898042678833,-0.025044143199920654,-0.03822996394319489,0.19419169425964355,-0.09401506185531616,-0.05801949577016785,0.21425259113311768,-0.19185447692871094,-0.07647189052386238,0.14998680353164673,-0.24415835738182068,-0.08950155527872994,0.1571643352508545,-0.21753329038619995,-0.025976988687943958,0.1859162449836731,-0.28176528215408325,-0.05892100857181504,0.16077512502670288,-0.2207009494304657,-0.07670499683899834,0.14017224311828613,-0.16893821954727173,-0.08250501306338265,0.09901535511016846,-0.24263393878936768,-0.02640043126029923,0.12804937362670898,-0.2995210289955139,-0.07473700793070748,0.11307382583618164,-0.20843535661697388,-0.09670079053921654,0.09724694490432739,-0.1383953094482422,-0.0998149097113128,0.038984596729278564,-0.2599630355834961,-0.03227104173583939,0.05918920040130615,-0.33798539638519287,-0.07693895252032235,0.07676702737808228,-0.26080912351608276,-0.09093103112263634,0.0827416181564331,-0.1892508864402771,-0.08900821508450463,-0.025245726108551025,-0.26562967896461487,-0.04022639916820481,-0.04780012369155884,-0.36572980880737305,-0.06031098516268685,-0.05818384885787964,-0.42439359426498413,-0.07068153770251229,-0.06434926390647888,-0.4818001836538315,-0.07627672256512597
02_002,0.0,0.0,0.0,0.07687807083129883,-0.03050696849822998,-0.06804894060826427,0.11186975240707397,-0.11349666118621826,-0.0971297189686311,0.06667661666870117,-0.18697023391723633,-0.12135086358523495,0.024528980255126953,-0.25566208362579346,-0.14110466987824566,0.10588586330413818,-0.28092461824417114,-0.052678810069323845,0.11404508352279663,-0.4035598635673523,-0.0974065378401292,0.11718493700027466,-0.481235533952713,-0.1248643636796487,0.11571609973907471,-0.5494735240936279,-0.14058301002717144,0.042477548122406006,-0.29054492712020874,-0.05018328280186779,0.0607183575630188,-0.42939043045043945,-0.1009875029418481,0.06796765327453613,-0.517477959394455,-0.12919864208436138,0.07060778141021729,-0.5942528247833252,-0.13926486820912487,-0.01909691095352173,-0.2644270658493042,-0.05563127399420864,-0.02632761001586914,-0.3538527488708496,-0.1361670509073747,-0.01700448989868164,-0.2700188159942627,-0.14925873429513103,-0.010399222373962402,-0.20799607038497925,-0.13313724250531322,-0.07642138004302979,-0.21237611770629883,-0.0653437092993272,-0.06395995616912842,-0.24753016233444214,-0.13871757836079723,-0.035812437534332275,-0.184684157371521,-0.14660722167229778,-0.017645537853240967,-0.13803160190582275,-0.13292716593480236
03_003,0.0,0.0,0.0,0.08734601736068726,-0.0020056962966918945,-0.06260873780698262,0.15709471702575684,-0.05158042907714844,-0.10130272464007817,0.12323510646820068,-0.10589057207107544,-0.13821991936416111,0.05584520101547241,-0.15571588277816772,-0.17288556353301487,0.1413981318473816,-0.2604163885116577,-0.05294234336466275,0.15489232540130615,-0.38524866104125977,-0.11835904077739201,0.17334461212158203,-0.4025733768939972,-0.17269824103564702,0.17469745874404907,-0.36202746629714966,-0.19889114455432377,0.07877498865127563,-0.2830256223678589,-0.050035063485807996,0.08991658687591553,-0.424416720867157,-0.10654741183967076,0.10625344514846802,-0.425989031791687,-0.15484748439044438,0.10859864950180054,-0.36612197756767273,-0.178886082331843,0.019676029682159424,-0.27992162108421326,-0.055429168353981595,0.023339569568634033,-0.40700751543045044,-0.09805142537803135,0.038663387298583984,-0.41663819551467896,-0.1299629922315546,0.04188084602355957,-0.3657497763633728,-0.14324293688983403,-0.044153571128845215,-0.2579870820045471,-0.06657537476272068,-0.038102805614471436,-0.3581029772758484,-0.09945048050136052,-0.01979595422744751,-0.3763292729854584,-0.11672421948165379,-0.008237779140472412,-0.3503086566925049,-0.12222571329326115
04_004,0.0,0.0,0.0,0.08817017078399658,-0.11035996675491333,0.03430436201931997,0.12158548831939697,-0.20134630799293518,0.03406132035495801,0.15614688396453857,-0.26529306173324585,0.017346736272592977,0.16069597005844116,-0.3215845227241516,0.003289056472276286,-0.07602155208587646,-0.27462849020957947,0.04798134439231916,0.002100527286529541,-0.3792300522327423,0.018886020635981993,0.08110147714614868,-0.38175851106643677,-0.012010217415372892,0.13233065605163574,-0.3537069261074066,-0.028504969323257967,-0.09664091467857361,-0.264763742685318,0.010654885550756887,0.0009075403213500977,-0.3906559348106384,-0.013521565826813742,0.09072691202163696,-0.3850931227207184,-0.03493904299495654,0.1409206986427307,-0.34492000937461853,-0.04476179532168345,-0.0884440541267395,-0.25064539909362793,-0.027927351886610552,0.0028218626976013184,-0.3797098994255066,-0.04656700767038302,0.09078538417816162,-0.37637725472450256,-0.04840547941086726,0.13854879140853882,-0.3398696184158325,-0.043813533852080866,-0.053369998931884766,-0.2337777018547058,-0.06540038041232066,0.01986151933670044,-0.3388901948928833,-0.07390626124499278,0.08196401596069336,-0.3487491011619568,-0.06460986636040644,0.1237221360206604,-0.3298926055431366,-0.053267203042487665
05_005,0.0,0.0,0.0,0.07886803150177002,-0.07609641551971436,-0.01826211254399368,0.10923397541046143,-0.18918001651763916,-0.03294675986569473,0.10662537813186646,-0.2758651077747345,-0.05439289103549072,0.10504251718521118,-0.36026301980018616,-0.07259218584101745,0.03578078746795654,-0.29790905117988586,-0.016974823580198972,0.037693679332733154,-0.4049830436706543,-0.058491027013474195,0.031237900257110596,-0.4850088953971863,-0.08310079763930389,0.02296501398086548,-0.5576668381690979,-0.0993334520916278,-0.00909203290939331,-0.2939518392086029,-0.03255199830334732,0.10679566860198975,-0.3331393599510193,-0.09598037789862701,0.200006902217865,-0.3440059721469879,-0.11608921180766174,0.27110373973846436,-0.3488346338272095,-0.11833077113431045,-0.04180791974067688,-0.2691676616668701,-0.0525582488934333,0.09129250049591064,-0.2482384741306305,-0.11749834756653854,0.09697753190994263,-0.15154802799224854,-0.1022898052195842,0.08997708559036255,-0.08600664138793945,-0.0727415252785022,-0.06135368347167969,-0.22912362217903137,-0.07650346498292038,0.050554752349853516,-0.21055376529693604,-0.1205409933189685,0.060030579566955566,-0.1419159173965454,-0.10688385556738922,0.047965943813323975,-0.09784865379333496,-0.08352547328274795
06_006,0.0,0.0,0.0,0.07291209697723389,-0.02526259422302246,-0.038189340632811763,0.133819580078125,-0.10086560249328613,-0.060363527637377956,0.16781234741210938,-0.16548973321914673,-0.08359900141920207,0.2139073610305786,-0.20822298526763916,-0.10356254155601619,0.13088756799697876,-0.21851521730422974,-0.03280370707477687,0.15729987621307373,-0.34450510144233704,-0.060859613370553234,0.17532223463058472,-0.4265347123146057,-0.07677254105772136,0.1908162236213684,-0.49064743518829346,-0.08749830747808574,0.09253978729248047,-0.22582218050956726,-0.042942520481005886,0.14346164464950562,-0.26840493083000183,-0.10820899928773997,0.20170092582702637,-0.25148728489875793,-0.1429907160517132,0.25084906816482544,-0.23033097386360168,-0.15374610598053096,0.047507643699645996,-0.22736477851867676,-0.058215137821093776,0.08891040086746216,-0.26578402519226074,-0.12338814909423945,0.14897948503494263,-0.240300714969635,-0.15214120621646998,0.19919008016586304,-0.21361404657363892,-0.15689995164837,-0.0013784170150756836,-0.22819006443023682,-0.07577756072248576,-0.005240499973297119,-0.3313344419002533,-0.11365471805299876,-0.0039026737213134766,-0.4051660895347595,-0.12816513354744075,7.128715515136719e-05,-0.4678661525249481,-0.13362240071262477
07_007,0.0,0.0,0.0,0.010745018720626831,-0.12462937831878662,-0.01383673300921373,0.07663151621818542,-0.21475404500961304,-0.033001577425295636,0.15953463315963745,-0.2579917907714844,-0.04937311069994621,0.2280001938343048,-0.28677693009376526,-0.06722762616306,0.1671592891216278,-0.2000550925731659,-0.06275248708158188,0.3054920732975006,-0.20246049761772156,-0.09583319904237442,0.3868841826915741,-0.20229145884513855,-0.11406737746625595,0.4498453438282013,-0.2028147280216217,-0.12358889909415893,0.18956908583641052,-0.13397595286369324,-0.07366572501092605,0.33606866002082825,-0.14498597383499146,-0.09983156057029419,0.42776206135749817,-0.15219610929489136,-0.11384651990562134,0.4983966648578644,-0.16036230325698853,-0.12359465094237976,0.2000279724597931,-0.06479936838150024,-0.08348222257524185,0.33422377705574036,-0.08580684661865234,-0.10521964164405517,0.4214378297328949,-0.09787765145301819,-0.1184445786657875,0.4889715611934662,-0.10948878526687622,-0.1275608855667656,0.20212987065315247,0.002400040626525879,-0.09308649035125427,0.30833467841148376,-0.02006995677947998,-0.11106667848258667,0.37338951230049133,-0.03769552707672119,-0.11776978703170471,0.4283277094364166,-0.05449628829956055,-0.1210928204837387
08_008,0.0,0.0,0.0,0.08529412746429443,-0.04058253765106201,-0.0533488833855813,0.13539522886276245,-0.14530909061431885,-0.07095616250745707,0.07372438907623291,-0.2345181703567505,-0.08205824285261087,0.00887686014175415,-0.28644683957099915,-0.09189107954017572,0.1353875994682312,-0.2852347195148468,-0.03650402962676935,0.14891844987869263,-0.4122110605239868,-0.06454988508932047,0.15024125576019287,-0.490734338760376,-0.08886714219562464,0.14660149812698364,-0.5561144202947617,-0.10647422015182428,0.07295876741409302,-0.3060253858566284,-0.0329711356710618,0.09202176332473755,-0.4396413564682007,-0.05517338528744631,0.09801346063613892,-0.527777686715126,-0.07790712952129297,0.09790325164794922,-0.6004904210567474,-0.09383127778284006,0.017035722732543945,-0.29892003536224365,-0.036397721017522144,0.0307195782661438,-0.42494428157806396,-0.05870813443772249,0.04094851016998291,-0.5011709630489349,-0.07931949883214884,0.04461115598678589,-0.5666341632604599,-0.09278953015319757,-0.043483853340148926,-0.2706086039543152,-0.04515197067968302,-0.0316825807094574,-0.37183400988578796,-0.06676471918336802,-0.019642114639282227,-0.43614545464515686,-0.07790985643379145,-0.009874403476715088,-0.4967960715293884,-0.08462765007726603
09_009,0.0,0.0,0.0,0.08483502268791199,-0.10832557082176208,0.02406740925749773,0.08399501442909241,-0.20300301909446716,0.03344642735561365,0.07645717263221741,-0.27201613783836365,0.031087802643980922,0.06589177250862122,-0.32994818687438965,0.030039181853737773,-0.028231889009475708,-0.29140642285346985,0.04048501692255968,0.09354433417320251,-0.3212496042251587,0.01918704427322382,0.17800608277320862,-0.3202352523803711,-0.005049744699988423,0.23920169472694397,-0.31614288687705994,-0.02191333294371134,-0.03539550304412842,-0.2896614670753479,0.01525154608776802,0.12141492962837219,-0.3129967749118805,-0.0039816783600485905,0.2126857340335846,-0.3113011121749878,-0.019811160941515027,0.2809813320636749,-0.31055277585983276,-0.03125892959991461,-0.019988685846328735,-0.272772878408432,-0.012671395284030496,0.13662859797477722,-0.2998255789279938,-0.03635495163956648,0.22503456473350525,-0.29988744854927063,-0.047822356303129254,0.28958800435066223,-0.2966894805431366,-0.05239378296295172,0.01157340407371521,-0.24666577577590942,-0.040228415359649716,0.13165464997291565,-0.27879637479782104,-0.05606058992901808,0.19853881001472473,-0.28568536043167114,-0.05919244893351561,0.2521425783634186,-0.28880879282951355,-0.05869525306383139
10_010,0.0,0.0,0.0,0.0959312915802002,-0.02411717176437378,-0.02695037238322584,0.18304568529129028,-0.1003006100654602,-0.03525541909061758,0.17735576629638672,-0.19749101996421814,-0.043413819745410365,0.1218724250793457,-0.2449074387550354,-0.042983109131682795,0.1621253490447998,-0.18358364701271057,0.00027663426567414717,0.20272570848464966,-0.25372231006622314,-0.038727724924910945,0.17187649011611938,-0.1763605773448944,-0.055612860247720164,0.15256637334823608,-0.15320774912834167,-0.06204583309613554,0.1047748327255249,-0.20333540439605713,-0.003490993986133617,0.1408635973930359,-0.25422072410583496,-0.044250754639733714,0.11473995447158813,-0.15943562984466553,-0.050423340872157496,0.09803152084350586,-0.15338686108589172,-0.044694663956988734,0.04756808280944824,-0.20886355638504028,-0.0142461350189933,0.07680535316467285,-0.2509796917438507,-0.061587253585685175,0.06316733360290527,-0.1573607325553894,-0.04497458599530546,0.04701441526412964,-0.14662909507751465,-0.021199349314201754,-0.016193687915802002,-0.2093934714794159,-0.02623524516843645,0.022296249866485596,-0.2438565492630005,-0.05080785416089384,0.02016395330429077,-0.17959779500961304,-0.028857585042942446,0.002785205841064453,-0.1657111644744873,-0.005288298242021483
11_011,0.0,0.0,0.0,0.02335810661315918,-0.10193437337875366,-0.015792914141457004,0.08801543712615967,-0.199994295835495,-0.04587681073371641,0.12690025568008423,-0.2846605181694031,-0.07322669628683798,0.11959698796272278,-0.3571854531764984,-0.10274597856823675,0.16842439770698547,-0.17145633697509766,-0.09084248397175543,0.3053920865058899,-0.20537039637565613,-0.12688910070482962,0.38850611448287964,-0.23262152075767517,-0.14669855538431875,0.45269519090652466,-0.2508094608783722,-0.15793441835467092,0.18305841088294983,-0.10450628399848938,-0.10078768286530249,0.3310638666152954,-0.10250046849250793,-0.13336429599348776,0.4227251410484314,-0.10150203108787537,-0.14457800093714468,0.49069100618362427,-0.10262858867645264,-0.15036106709067099,0.1862805187702179,-0.028601884841918945,-0.10413428995434515,0.27408021688461304,-0.010979712009429932,-0.1267876834017443,0.230116605758667,-0.00952214002609253,-0.10454393032614462,0.18076646327972412,-0.013898134231567383,-0.0830327257854151,0.1801873743534088,0.040390729904174805,-0.10800269100491278,0.24467456340789795,0.040986716747283936,-0.11455572250906698,0.20875561237335205,0.04029655456542969,-0.08212040964190237,0.16950607299804688,0.03880572319030762,-0.05363472032968275
12_012,0.0,0.0,0.0,0.09272027015686035,0.0586823970079422,-0.03304163401628557,0.19003373384475708,0.1606629341840744,-0.07336725702191416,0.2730103135108948,0.2209913581609726,-0.10471032967473093,0.35760021209716797,0.2255370169878006,-0.1367335434784991,0.12712836265563965,0.1665084809064865,-0.14910511335040155,0.1479722261428833,0.3296791762113571,-0.19606206973696771,0.16206610202789307,0.4237722009420395,-0.21655042132044855,0.1683570146560669,0.49873922765254974,-0.22932055255080286,0.047401368618011475,0.15795065462589264,-0.15368850191737238,0.04444342851638794,0.3431299775838852,-0.20019296964312616,0.03951525688171387,0.4461796134710312,-0.20654798706675592,0.027607381343841553,0.5218377560377121,-0.2127307321658236,-0.029451310634613037,0.14859245717525482,-0.15040938218737665,-0.02194729447364807,0.31362955272197723,-0.18479765614176813,-0.0032320022583007812,0.2765856832265854,-0.15257568319941583,0.0034803152084350586,0.2191263884305954,-0.12661130388880792,-0.092998206615448,0.1400853544473648,-0.14830203016902033,-0.07104837894439697,0.27290500700473785,-0.16462579032088343,-0.05265042185783386,0.24682708084583282,-0.13263892789984766,-0.05055111646652222,0.19951967895030975,-0.10733091493750635
13_013,0.0,0.0,0.0,0.07416415214538574,-0.04653060436248779,-0.03930185984313539,0.10592895746231079,-0.15687638521194458,-0.05544469382107309,0.08494055271148682,-0.24875712394714355,-0.0731991293603187,0.02538132667541504,-0.3006305694580078,-0.08257114018738321,0.08254820108413696,-0.242965966463089,-0.007638274388909849,0.10687476396560669,-0.3336690068244934,-0.06207506235182336,0.10001331567764282,-0.2884517312049866,-0.09825537975370935,0.08538860082626343,-0.24409908056259155,-0.11101200308144143,0.02630901336669922,-0.25929996371269226,-0.011539283836782488,0.0397685170173645,-0.3931683897972107,-0.053387186186910185,0.05216395854949951,-0.472718209028244,-0.08142039056360773,0.05825471878051758,-0.5432806313037872,-0.09458210940897516,-0.030325114727020264,-0.24529239535331726,-0.025088839861155066,-0.019902050495147705,-0.3185555934906006,-0.08573957409203103,0.011040866374969482,-0.25499510765075684,-0.09971374894917062,0.025371849536895752,-0.2003941535949707,-0.09074303384363702,-0.07839545607566833,-0.2136915922164917,-0.04142504061996988,-0.037301063537597656,-0.24318087100982666,-0.08807518209755472,0.0033364295959472656,-0.19722944498062134,-0.08932858582079461,0.02450162172317505,-0.15638518333435059,-0.07764169450342706
14_014,0.0,0.0,0.0,0.0784839391708374,-0.016608119010925293,-0.05643129610793096,0.13652539253234863,-0.005390644073486328,-0.11160845944063169,0.162583589553833,0.04729434847831726,-0.16266597696916563,0.15904492139816284,0.10163834691047668,-0.21104095765726072,0.07197141647338867,-0.12901735305786133,-0.11686527618543607,0.139706552028656,-0.033506840467453,-0.18769377359525663,0.18550419807434082,0.028121143579483032,-0.2311373192943762,0.21511602401733398,0.06429246068000793,-0.25383698829786283,-0.0009742379188537598,-0.09739172458648682,-0.11949144193307859,0.08262360095977783,0.03869369626045227,-0.1698059428610037,0.08731305599212646,0.048163384199142456,-0.1755161125339697,0.07568526268005371,0.020925819873809814,-0.1805350620426367,-0.04973500967025757,-0.03874236345291138,-0.12691838928834898,0.04080069065093994,0.08236077427864075,-0.16270354279653532,0.05380493402481079,0.08098950982093811,-0.14172723778860075,0.0516585111618042,0.05160382390022278,-0.1252497870601843,-0.07863646745681763,0.020280390977859497,-0.14253590890542966,-0.0020254850387573242,0.10772064328193665,-0.16537009069101316,0.01636052131652832,0.10269883275032043,-0.14938004204408628,0.014054834842681885,0.08118113875389099,-0.133789612738056
15_015,0.0,0.0,0.0,0.037939757108688354,-0.11077576875686646,-0.03432055509642851,0.051676541566848755,-0.22921478748321533,-0.054909847145836466,0.029268473386764526,-0.30461758375167847,-0.07246225274161588,-0.007528722286224365,-0.3732743561267853,-0.08465000933961164,0.007649898529052734,-0.2145126461982727,-0.07237569189624082,0.17144808173179626,-0.2072492241859436,-0.12147509253577482,0.15079757571220398,-0.17292654514312744,-0.14338231778697264,0.09884020686149597,-0.17685753107070923,-0.15773471391753446,-0.005779474973678589,-0.1442783772945404,-0.07961847580031645,0.16877034306526184,-0.1381555199623108,-0.12217422521666776,0.13461998105049133,-0.11455529928207397,-0.12725131905631315,0.09158393740653992,-0.11612290143966675,-0.13717577553347837,-0.0017256438732147217,-0.06991821527481079,-0.09061995840625059,0.15702304244041443,-0.06683439016342163,-0.12456600314931165,0.1251085102558136,-0.04571002721786499,-0.11318989790038358,0.09012725949287415,-0.04712122678756714,-0.10984588361338865,0.011962175369262695,-0.005584895610809326,-0.10586716926650297,0.1344386637210846,-0.002428710460662842,-0.12799508071498167,0.11050686240196228,0.006159663200378418,-0.12630604899482023,0.06943300366401672,0.0050119757652282715,-0.12885829008178007
16_016,0.0,0.0,0.0,0.05867072939872742,-0.022017240524291992,-0.03757518104242763,0.10459533333778381,-0.08662521839141846,-0.0536773870043703,0.1279851496219635,-0.147854745388031,-0.07130423507618389,0.16067972779273987,-0.19061732292175293,-0.0854607330911108,0.13951823115348816,-0.17255175113677979,0.013517974475746541,0.1758178174495697,-0.20583808422088623,-0.010514401299531073,0.1894300878047943,-0.21298891305923462,-0.033642861460918994,0.19708803296089172,-0.20400959253311157,-0.04613236657309017,0.10038277506828308,-0.19815844297409058,0.011859483616774469,0.13380447030067444,-0.25420862436294556,-0.02792992762255153,0.14589610695838928,-0.24929729104042053,-0.0650524454467245,0.1555849015712738,-0.228077232837677,-0.08132257631945095,0.052196890115737915,-0.216355562210083,0.0018304624318830065,0.07517293095588684,-0.2663591802120209,-0.04003480023669681,0.09752091765403748,-0.24533578753471375,-0.07404847017454586,0.1108885109424591,-0.20543092489242554,-0.08548094651627025,-0.0015847384929656982,-0.2260679006576538,-0.011188863245422453,-0.007740527391433716,-0.3119767904281616,-0.03387371025013408,-0.015576750040054321,-0.37651216983795166,-0.05327812901663265,-0.019465208053588867,-0.4261832535266876,-0.06482009909080944
17_017,0.0,0.0,0.0,0.06440755724906921,-0.030727088451385498,-0.025514842673963756,0.11170652508735657,-0.09547525644302368,-0.04363281998021051,0.1358465850353241,-0.15921086072921753,-0.06439382183534548,0.16991904377937317,-0.20062297582626343,-0.08297095793468401,0.12501737475395203,-0.19390106201171875,0.004025636509233266,0.15926232933998108,-0.22659564018249512,-0.017943508654660434,0.19153305888175964,-0.22872233390808105,-0.04003609317523882,0.2180754840373993,-0.23125606775283813,-0.05772821578366205,0.086263507604599,-0.22459930181503296,-0.00549436799419567,0.12970826029777527,-0.26691994071006775,-0.034267745643681735,0.15184137225151062,-0.25585120916366577,-0.05431553694588587,0.17199602723121643,-0.252674400806427,-0.06516787755472109,0.039528459310531616,-0.24720308184623718,-0.022629020467228145,0.06808111071586609,-0.3367460370063782,-0.05441280055028841,0.08197346329689026,-0.3974374234676361,-0.07624415653926775,0.09648528695106506,-0.4486351013183594,-0.08975137370807573,-0.015136867761611938,-0.2540658116340637,-0.042156878590411395,-0.03988790512084961,-0.34006384015083313,-0.06601049351674959,-0.05872082710266113,-0.39407476782798767,-0.07651540237647936,-0.07118791341781616,-0.4422534108161926,-0.08458170640451357
18_018,0.0,0.0,0.0,0.10142424702644348,-0.030722618103027344,-0.039030108155287735,0.16468742489814758,-0.12630248069763184,-0.04279852613953494,0.1877865493297577,-0.21958178281784058,-0.04329919025448703,0.2024213969707489,-0.29328346252441406,-0.042300112099923126,0.12109681963920593,-0.26405176520347595,-0.003503560108669035,0.13529488444328308,-0.37366148829460144,-0.02207365960029506,0.13797810673713684,-0.4414985179901123,-0.04210368126777553,0.13593336939811707,-0.49961236119270325,-0.057112425120152466,0.06866416335105896,-0.2802509367465973,0.0002954222526625472,0.0845617949962616,-0.4000217616558075,-0.016387834699429504,0.0912274420261383,-0.4790417551994324,-0.037387556882180206,0.0922156274318695,-0.5432916879653931,-0.05210747525242709,0.017362385988235474,-0.2738374173641205,-0.00306348271814727,0.028765827417373657,-0.3871939480304718,-0.023119842188037865,0.03968760371208191,-0.45585209131240845,-0.0407491098359003,0.04715821146965027,-0.5149394422769547,-0.05143057510403537,-0.03843662142753601,-0.25029173493385315,-0.010842241832591526,-0.024697571992874146,-0.3405212163925171,-0.032273783834256164,-0.013092339038848877,-0.39826565980911255,-0.04389563158301257,-0.0019246339797973633,-0.45144766569137573,-0.050150941611804
19_019,0.0,0.0,0.0,-0.07300561666488647,-0.10281181335449219,0.014810510018378409,-0.07318329811096191,-0.21758323907852173,0.011847007127016695,-0.020854651927947998,-0.2888786792755127,0.0038215525369196257,0.02759230136871338,-0.32710036635398865,-0.00282218932034084,-0.10090067982673645,-0.26896005868911743,-0.013814852534324018,-0.0808495283126831,-0.4138314425945282,-0.02845404106983551,-0.0735815167427063,-0.49541181325912476,-0.03458601605007061,-0.06822443008422852,-0.5586903393268585,-0.036342002412766305,-0.029954135417938232,-0.2762233018875122,-0.03204441439220318,-0.02184218168258667,-0.42592763900756836,-0.037403043320864526,-0.016730070114135742,-0.5154045522212982,-0.0423382371277512,-0.0107002854347229,-0.5845404863357544,-0.04648349802801022,0.04177653789520264,-0.26639002561569214,-0.046086631676644174,0.04844093322753906,-0.3570213317871094,-0.04656964164087185,0.03526204824447632,-0.31436046957969666,-0.033149428626984445,0.024304628372192383,-0.2663092017173767,-0.021035645118445245,0.10310262441635132,-0.2432316541671753,-0.060294352433174936,0.08413749933242798,-0.27299267053604126,-0.04947101320931324,0.06684726476669312,-0.24213510751724243,-0.028046572542280046,0.06445026397705078,-0.21285003423690796,-0.010215188337951986
20_020,0.0,0.0,0.0,0.08610355854034424,0.07408033311367035,-0.01270604596550129,0.10381871461868286,0.18053729832172394,-0.03863308203483484,0.05840986967086792,0.2560672014951706,-0.05863602829242609,0.008457720279693604,0.29786111414432526,-0.07853356373573206,0.08213597536087036,0.2069403976202011,-0.11830535900855921,0.08356958627700806,0.3677269369363785,-0.15674206984306238,0.0851820707321167,0.45863206684589386,-0.17268255722785852,0.0829663872718811,0.5257691890001297,-0.1806411631133642,0.006356954574584961,0.18682201206684113,-0.12587964904571436,-0.01463860273361206,0.3662204295396805,-0.16502231729293726,-0.02317214012145996,0.463864341378212,-0.17211330306793116,-0.03781688213348389,0.5367637425661087,-0.17503911626602076,-0.06418830156326294,0.16412125527858734,-0.1249112225797262,-0.08340883255004883,0.3201415091753006,-0.1513115651633825,-0.05098515748977661,0.29570673406124115,-0.1224782801892843,-0.03337109088897705,0.24816875159740448,-0.09522734952236078,-0.12175643444061279,0.1406397670507431,-0.12380054217840097,-0.12156865000724792,0.26466380059719086,-0.13446911049152277,-0.09167492389678955,0.24879418313503265,-0.10273476314807795,-0.08061856031417847,0.20773912966251373,-0.07335813713336847
21_021,0.0,0.0,0.0,0.08850303292274475,-0.09094801545143127,0.0001075600646345265,0.20407268404960632,-0.09412238001823425,-0.015460558150380166,0.2853054106235504,-0.03136745095252991,-0.032274635423391373,0.32959017157554626,0.02112257480621338,-0.04819961814996532,0.24247264862060547,-0.1312066912651062,-0.051980217833488496,0.38634631037712097,-0.14240425825119019,-0.07863105266210368,0.47470322251319885,-0.15339145064353943,-0.09321619747993282,0.5430935919284821,-0.1603921353816986,-0.10158474921104244,0.24707737565040588,-0.053362131118774414,-0.0686888116490536,0.3938952386379242,-0.04228180646896362,-0.08863742082235149,0.4862017333507538,-0.038355857133865356,-0.09984080671188167,0.5561269819736481,-0.031222164630889893,-0.10902630715486339,0.23598456382751465,0.023016422986984253,-0.08077904014703563,0.3372941315174103,0.04633417725563049,-0.09562938838121227,0.3001615107059479,0.025678545236587524,-0.08384653358575633,0.2543248236179352,0.008185058832168579,-0.07177694319602779,0.2157817780971527,0.08426722884178162,-0.09344243435975841,0.26313307881355286,0.07804736495018005,-0.09486008613225749,0.23331907391548157,0.05464071035385132,-0.07404357372638515,0.20125359296798706,0.04252699017524719,-0.05602460532304576
22_022,0.0,0.0,0.0,0.055928438901901245,-0.09893018007278442,0.02894333732672294,0.12446987628936768,-0.1896270513534546,0.0042462542782004675,0.21805328130722046,-0.21351101994514465,-0.03482888470045964,0.27768224477767944,-0.19044873118400574,-0.07402553240410725,0.05183932185173035,-0.30165258049964905,-0.032065889040154616,0.10631412267684937,-0.4325590580701828,-0.06704594025961796,0.17680984735488892,-0.45633938908576965,-0.07861874083630482,0.22915059328079224,-0.433887243270874,-0.08281732181660573,0.05317297577857971,-0.2751663625240326,-0.07294646481625477,0.22226566076278687,-0.29313504695892334,-0.10711946169487874,0.21608930826187134,-0.22398537397384644,-0.10133360157362858,0.17334222793579102,-0.20674213767051697,-0.09288332442395131,0.07331424951553345,-0.22568926215171814,-0.11043333838335911,0.2348039746284485,-0.20975226163864136,-0.12382949719778935,0.2051934003829956,-0.1574837565422058,-0.09850030968539158,0.1546066403388977,-0.15433335304260254,-0.0840453712140743,0.10129570960998535,-0.1698751449584961,-0.14785434136740605,0.20886147022247314,-0.1408754587173462,-0.13654367456786076,0.1817476749420166,-0.10398250818252563,-0.10725679079644124,0.13922208547592163,-0.10599720478057861,-0.0897686241065685
23_023,0.0,0.0,0.0,0.1217879056930542,0.04008635878562927,-0.030759949950095233,0.2115212082862854,0.1297566294670105,-0.05771255750727278,0.2821604609489441,0.21716108918190002,-0.07705808315944296,0.354789137840271,0.25421345233917236,-0.09818387661647421,0.13559329509735107,0.23417210578918457,-0.09906796251010519,0.1844438910484314,0.3811649680137634,-0.13493298624229055,0.21180939674377441,0.46618759632110596,-0.15136157606315237,0.23457086086273193,0.5345426201820374,-0.16193988059234243,0.057484984397888184,0.24405145645141602,-0.10373696569871527,0.06343507766723633,0.40045619010925293,-0.1380587730236016,0.06821638345718384,0.4969465732574463,-0.15589328740310293,0.06887632608413696,0.5704215168952942,-0.16973736022185903,-0.0097542405128479,0.23148036003112793,-0.10629819963645559,-0.04017823934555054,0.36923831701278687,-0.1479740652866326,-0.057414114475250244,0.4596431851387024,-0.17339067791175466,-0.07417544722557068,0.5279369354248047,-0.189177593929287,-0.0640532374382019,0.20668193697929382,-0.10733231042098623,-0.11761724948883057,0.306296706199646,-0.1482070449418984,-0.15568861365318298,0.361052930355072,-0.16496112082671743,-0.18796056509017944,0.4068816900253296,-0.1737374130315743
24_024,0.0,0.0,0.0,0.06670957803726196,-0.01650899648666382,-0.053505016393604166,0.12252986431121826,-0.08608222007751465,-0.08175812465661991,0.08610719442367554,-0.14150360226631165,-0.10414356542343128,0.030419886112213135,-0.17327827215194702,-0.12271652174705494,0.07156145572662354,-0.2331918179988861,-0.07790314210170735,0.06503522396087646,-0.3511340767145157,-0.12503031445259083,0.0587959885597229,-0.42375217378139496,-0.1494301761459731,0.050502777099609375,-0.4923945367336273,-0.16745895696395863,0.0024566650390625,-0.2416960895061493,-0.0746417547535323,0.00848376750946045,-0.18316879868507385,-0.13286802721733082,0.02627718448638916,-0.10414505004882812,-0.14068428230995167,0.036357223987579346,-0.09522053599357605,-0.138365587122383,-0.054314494132995605,-0.21758997440338135,-0.07668223781103123,-0.04376876354217529,-0.13625723123550415,-0.1281780506443404,-0.013759613037109375,-0.07995980978012085,-0.11481119496339787,0.0025373101234436035,-0.09290796518325806,-0.0997853259515189,-0.10048317909240723,-0.18183696269989014,-0.08505758447164524,-0.0832604467868805,-0.10539907217025757,-0.11740055484289158,-0.05230069160461426,-0.061242640018463135,-0.10836574239248264,-0.039183616638183594,-0.07000988721847534,-0.09585360986703861
25_025,0.0,0.0,0.0,0.03744453191757202,-0.0581965446472168,-0.0756082650638632,0.045987606048583984,-0.06918096542358398,-0.1232779216385893,0.07718658447265625,-0.014784932136535645,-0.16040371771822493,0.09692496061325073,0.040718674659729004,-0.19944671209822218,-0.05375397205352783,-0.10897567868232727,-0.12913033779631178,-0.12402424216270447,-0.1286010444164276,-0.17760082002649824,-0.17619836330413818,-0.13791614770889282,-0.20298853930006544,-0.23141098022460938,-0.14283451437950134,-0.2198902558899931,-0.09801560640335083,-0.045965373516082764,-0.11657758470545332,-0.13314247131347656,-0.024307966232299805,-0.1725878160811476,-0.17044416069984436,-0.005886197090148926,-0.19517842348585646,-0.2179618775844574,0.007055878639221191,-0.20376478549013655,-0.11054915189743042,0.009485363960266113,-0.1051044654465727,-0.024790167808532715,0.053631484508514404,-0.15647274669180433,0.05006837844848633,0.045378923416137695,-0.15389414545069258,0.07813423871994019,0.02196979522705078,-0.13990334089766066,-0.10196059942245483,0.05083322525024414,-0.10029541369448225,-0.02186417579650879,0.08544152975082397,-0.1347263943768553,0.04813581705093384,0.07347792387008667,-0.12387308891783277,0.08654963970184326,0.041724324226379395,-0.10713355656633894
26_027,0.0,0.0,0.0,0.08173871040344238,-0.01633840799331665,-0.029698927011253318,0.19257742166519165,-0.008568823337554932,-0.06644177442407795,0.2790604829788208,-0.019539058208465576,-0.09737402206278034,0.3370983600616455,-0.05937516689300537,-0.12936798488712498,0.17952489852905273,0.07757300138473511,-0.09334606682872959,0.2382962703704834,0.20406240224838257,-0.1366737112960834,0.2738073468208313,0.2775951027870178,-0.1620534435472507,0.2963445782661438,0.3369154930114746,-0.17738790070629307,0.11659824848175049,0.11993765830993652,-0.09520732616996952,0.17522871494293213,0.22897213697433472,-0.14694754039859959,0.15662097930908203,0.18370521068572998,-0.14721085881805607,0.12955909967422485,0.13221314549446106,-0.136410243865015,0.05308479070663452,0.15056756138801575,-0.09474294638252445,0.11394602060317993,0.2383580207824707,-0.1391330883464832,0.09462666511535645,0.19547021389007568,-0.11559236800289341,0.07028603553771973,0.1495121419429779,-0.08838775759554096,-0.001605898141860962,0.17645078897476196,-0.0936475918254871,0.057261526584625244,0.23848563432693481,-0.11481285845852085,0.04077190160751343,0.20281869173049927,-0.08594416087484547,0.018470972776412964,0.16803386807441711,-0.05899528792119213
27_028,0.0,0.0,0.0,0.09624487161636353,0.09708821773529053,-0.005727941664076752,0.1625789999961853,0.22013449668884277,-0.02506986309788317,0.22717827558517456,0.31048834323883057,-0.04354133692584128,0.3037073016166687,0.33406955003738403,-0.05614207175574393,0.07378631830215454,0.26922160387039185,-0.05557307836613745,0.03625667095184326,0.3657541275024414,-0.07151121881804556,0.04348832368850708,0.3222375512123108,-0.06615685162148566,0.057544171810150146,0.27676141262054443,-0.06236224484644026,-0.0021160244941711426,0.2492964267730713,-0.06440522012314887,-0.019760429859161377,0.3456729054450989,-0.07749854263863654,-0.006534218788146973,0.30460721254348755,-0.06477249649367423,-0.0013706684112548828,0.26104140281677246,-0.06088623640141577,-0.06905299425125122,0.22466439008712769,-0.07084210452637763,-0.08207398653030396,0.3236830234527588,-0.08219851044020743,-0.06948614120483398,0.29090332984924316,-0.06158526849947066,-0.06129157543182373,0.2486628293991089,-0.05144417149028868,-0.12560471892356873,0.197151780128479,-0.07658332076869101,-0.17928475141525269,0.2994679808616638,-0.08732255038819403,-0.21231865882873535,0.3540945053100586,-0.08381644126973242,-0.2377510964870453,0.4058070182800293,-0.08391206947169394
28_029,0.0,0.0,0.0,-0.09151890873908997,-0.058714330196380615,-0.002189814290943559,-0.16707247495651245,-0.13735997676849365,-0.01857156138026994,-0.19915848970413208,-0.22716274857521057,-0.03331469948494714,-0.1707177758216858,-0.29673638939857483,-0.04640081728899759,-0.14281192421913147,-0.19617769122123718,-0.04895964096391481,-0.10166814923286438,-0.33085736632347107,-0.06392235140407365,-0.07100170850753784,-0.38842296600341797,-0.06417549233043474,-0.04715365171432495,-0.4238438606262207,-0.06245222519243043,-0.07783949375152588,-0.1988697350025177,-0.05779725144708436,-0.04105478525161743,-0.3423234522342682,-0.06609493325555604,-0.014595508575439453,-0.4008362293243408,-0.06102531979882997,0.002471923828125,-0.43500322103500366,-0.057684308095815595,-0.006902754306793213,-0.1989523470401764,-0.06298286299312394,0.015729248523712158,-0.3304578959941864,-0.06293358485305589,0.03011143207550049,-0.38816893100738525,-0.050563929780366834,0.03616446256637573,-0.4250132739543915,-0.04413470457399171,0.060710251331329346,-0.19553440809249878,-0.0677778480490474,0.06560724973678589,-0.30022287368774414,-0.06490202079618257,0.0669630765914917,-0.35364362597465515,-0.05185913871133607,0.067562997341156,-0.39522403478622437,-0.0415078012188701
29_030,0.0,0.0,0.0,0.10104155540466309,0.059149205684661865,-0.011109991688442733,0.12213081121444702,0.16529633104801178,-0.028314456101668384,0.08356821537017822,0.25179924070835114,-0.034539241101754214,0.04809415340423584,0.30624882876873016,-0.04458818560482314,0.10985082387924194,0.19033180177211761,-0.10833717113376906,0.11886101961135864,0.3401712030172348,-0.13005241727472594,0.12554806470870972,0.4279739707708359,-0.13387413298727324,0.12980592250823975,0.4948662370443344,-0.13499139225126555,0.03173309564590454,0.1856672316789627,-0.11162002360464385,0.03822809457778931,0.34949468076229095,-0.141721129175437,0.04112958908081055,0.44405023753643036,-0.1523654458487158,0.042580246925354004,0.5101622194051743,-0.158422007914794,-0.03705239295959473,0.18230341374874115,-0.10648910677076628,-0.037057340145111084,0.3370632976293564,-0.14260184740663817,-0.028370052576065063,0.42669378221035004,-0.16464184200407317,-0.028456181287765503,0.4848681539297104,-0.17707785939813903,-0.08789950609207153,0.180741086602211,-0.09585529541612914,-0.04055926203727722,0.2666289359331131,-0.12230505025030425,-0.0033530592918395996,0.24476025998592377,-0.12257773404957106,0.007476806640625,0.2096402496099472,-0.1204002273643141
30_031,0.0,0.0,0.0,0.06283211708068848,-0.10683146119117737,0.003535776187618467,0.1692313551902771,-0.12548255920410156,-0.005734881131957081,0.24290654063224792,-0.07665643095970154,-0.00786704032407215,0.28871679306030273,-0.03984415531158447,-0.014806778381625918,0.2098078727722168,-0.13705581426620483,-0.08326262070522716,0.3435555696487427,-0.14720752835273743,-0.10269772096262386,0.42682868242263794,-0.16040030121803284,-0.11162945463047436,0.4939161539077759,-0.17234593629837036,-0.11889575256691387,0.21344301104545593,-0.05446314811706543,-0.09454975112066677,0.35337287187576294,-0.05744481086730957,-0.12149073018417766,0.4449925422668457,-0.0659535825252533,-0.14136110081062725,0.5167971849441528,-0.07514801621437073,-0.15699101819382122,0.20766976475715637,0.01746225357055664,-0.09716119452104977,0.3361123204231262,0.018426954746246338,-0.13117882444248607,0.42415904998779297,0.011443555355072021,-0.16345348789081982,0.4886420965194702,0.010460138320922852,-0.18593753709183147,0.19760528206825256,0.0670243501663208,-0.09328345789299419,0.232109934091568,0.017573952674865723,-0.11948000474558285,0.20077672600746155,-0.027563869953155518,-0.12733855678425243,0.17207205295562744,-0.04588794708251953,-0.13294242157326153
31_032,0.0,0.0,0.0,-0.003766685724258423,-0.10418173670768738,-0.0009240150978797601,0.04107069969177246,-0.21321097016334534,-0.02177734617758631,0.08004102110862732,-0.29662442207336426,-0.0425090914653623,0.06703433394432068,-0.3668326735496521,-0.06597695258129477,0.14270290732383728,-0.19569095969200134,-0.05263150986898779,0.2740151584148407,-0.19916203618049622,-0.09048920628298163,0.3606847822666168,-0.2046470046043396,-0.11921898034084677,0.42605218291282654,-0.20573562383651733,-0.136804310052284,0.17195847630500793,-0.11978039145469666,-0.060675283341296904,0.26087483763694763,-0.12285488843917847,-0.0919359525727117,0.21206524968147278,-0.11119383573532104,-0.08603096511829733,0.1550484597682953,-0.10036543011665344,-0.07477839049566626,0.1814260482788086,-0.04377007484436035,-0.06598804649580359,0.24923554062843323,-0.05875754356384277,-0.09706850853432059,0.20781895518302917,-0.0440293550491333,-0.07801153269279837,0.1579330861568451,-0.032988667488098145,-0.05698385965693831,0.18804246187210083,0.022688627243041992,-0.06775060054529547,0.23084095120429993,-0.002177894115447998,-0.08104549851883291,0.1923263669013977,0.01284933090209961,-0.05373032149542212,0.15690317749977112,0.022277414798736572,-0.028659773437865965
32_033,0.0,0.0,0.0,0.05218726396560669,-0.02410179376602173,-0.034016249029605206,0.10200923681259155,-0.08040383458137512,-0.06619785845157367,0.16491007804870605,-0.11139899492263794,-0.09825125455733996,0.22041761875152588,-0.1274503767490387,-0.12806856751319629,0.03521963953971863,-0.19464534521102905,-0.04721407711383563,0.1192549467086792,-0.21125420928001404,-0.10409132510301333,0.17604678869247437,-0.19254446029663086,-0.14538681626197558,0.21687155961990356,-0.16979250311851501,-0.16744184613105517,0.008842170238494873,-0.21828314661979675,-0.06215051680680972,0.027076691389083862,-0.3308996856212616,-0.1035406303393529,0.04107367992401123,-0.41189679503440857,-0.13017045080539447,0.0511096715927124,-0.4817233383655548,-0.1462495189892934,-0.022088050842285156,-0.2099769413471222,-0.0832919788348363,-0.040827810764312744,-0.32062986493110657,-0.12745633840438586,-0.04308786988258362,-0.404666468501091,-0.15413156270858508,-0.04306584596633911,-0.4777296781539917,-0.16721375405666095,-0.04987427592277527,-0.17316406965255737,-0.10667748123285037,-0.08358898758888245,-0.2565324008464813,-0.1427808862912343,-0.10382801294326782,-0.326138898730278,-0.1544057142722295,-0.11884814500808716,-0.3895813673734665,-0.15909078836318713
33_034,0.0,0.0,0.0,-0.0577964186668396,-0.08487564325332642,-0.028239905924948516,-0.09677469730377197,-0.20810478925704956,-0.053848350511344734,-0.1251528263092041,-0.3037843108177185,-0.07089538695052511,-0.17299142479896545,-0.354009211063385,-0.08626007856562978,-0.089175283908844,-0.15994709730148315,-0.09879337819054967,-0.05046278238296509,-0.26894479990005493,-0.14695969791844732,-0.02423083782196045,-0.3439696133136749,-0.1721495744748438,0.00196915864944458,-0.4043651223182678,-0.18705492289498693,-0.01620548963546753,-0.14035028219223022,-0.10228331209853536,0.029889702796936035,-0.30075156688690186,-0.158041244463476,0.01719731092453003,-0.2760095000267029,-0.16059791119531042,0.0009908080101013184,-0.2234804630279541,-0.1504309830231989,0.05618011951446533,-0.1273481249809265,-0.10289539964631444,0.08416086435317993,-0.27398681640625,-0.14180964799359685,0.06619137525558472,-0.24774813652038574,-0.11578620048001653,0.05438590049743652,-0.20186066627502441,-0.0872903672023142,0.1183854341506958,-0.11776328086853027,-0.10499428035453207,0.1329653263092041,-0.239488422870636,-0.11960574062302953,0.11169147491455078,-0.21725797653198242,-0.09500729860499746,0.10098057985305786,-0.177243173122406,-0.0730776620073641
34_035,0.0,0.0,0.0,0.09315961599349976,-0.049351632595062256,-0.03248431885140235,0.15634989738464355,-0.15160530805587769,-0.044608894525936194,0.20192867517471313,-0.23600292205810547,-0.05876586937802131,0.2558084726333618,-0.2796744108200073,-0.06752234303849036,0.06131964921951294,-0.21831849217414856,-0.026097394316366263,0.06540060043334961,-0.2629910111427307,-0.06324428671496207,0.06309270858764648,-0.18954569101333618,-0.07710323089258964,0.06135159730911255,-0.1366165280342102,-0.07773051762478644,-0.0027889609336853027,-0.21889999508857727,-0.026560995518138952,0.007640480995178223,-0.2590612769126892,-0.07707476967470939,0.017541706562042236,-0.17298907041549683,-0.09092478805678184,0.02290487289428711,-0.11913758516311646,-0.08930678272145087,-0.06260097026824951,-0.21552401781082153,-0.03242206925051505,-0.06706279516220093,-0.28043821454048157,-0.08165823274748618,-0.044503092765808105,-0.20444470643997192,-0.08150266462462241,-0.029381632804870605,-0.1489400863647461,-0.06808286511795814,-0.12157827615737915,-0.20436334609985352,-0.04064986088769729,-0.15288054943084717,-0.29294273257255554,-0.06510718518393332,-0.16792485117912292,-0.34458857774734497,-0.06745040023224647,-0.18070456385612488,-0.40089747309684753,-0.06450473868744666
35_036,0.0,0.0,0.0,-0.06828108429908752,-0.09732592105865479,0.012221171374619644,-0.05787000060081482,-0.21794956922531128,0.010058606828749816,0.013166844844818115,-0.2805624008178711,0.010801872092486065,0.07015103101730347,-0.3044039011001587,0.007209390255809467,-0.1005493700504303,-0.254222571849823,-0.04447891391515668,-0.09376737475395203,-0.3910638093948364,-0.05119601092934545,-0.09369981288909912,-0.4760860800743103,-0.05206013299226697,-0.0977095365524292,-0.5436426997184753,-0.05561107970476087,-0.026022106409072876,-0.24639052152633667,-0.0636347030818456,-0.0057212114334106445,-0.39712122082710266,-0.07933411203026708,0.006888270378112793,-0.48934122920036316,-0.09615250132679876,0.012830615043640137,-0.5620571970939636,-0.11023201249241765,0.04173797369003296,-0.23059725761413574,-0.07605564050078328,0.06740587949752808,-0.3711375594139099,-0.10135144196152623,0.0758938193321228,-0.4594789743423462,-0.1314791461050504,0.0834115743637085,-0.5283002853393555,-0.15363183818459447,0.09676861763000488,-0.21308505535125732,-0.08259965680241521,0.06400138139724731,-0.26864755153656006,-0.10003672741055425,0.029100239276885986,-0.23910778760910034,-0.10349923573136266,0.017055749893188477,-0.21085792779922485,-0.10787757686972554
36_037,0.0,0.0,0.0,0.026594042778015137,-0.1223527193069458,0.0025433304560351644,0.11380577087402344,-0.18409204483032227,-0.006508292599676224,0.20060774683952332,-0.1864701509475708,-0.013917931324897381,0.26200157403945923,-0.16280287504196167,-0.024430724761543843,0.1587466299533844,-0.19956433773040771,-0.06007120103305397,0.2891601324081421,-0.2326410412788391,-0.08935003817742881,0.37278735637664795,-0.2535799443721771,-0.10576136500304756,0.43764907121658325,-0.26820728182792664,-0.11582215220397529,0.18380194902420044,-0.12997594475746155,-0.07500667960113105,0.3334506154060364,-0.1404634714126587,-0.09852171034282264,0.42722833156585693,-0.14309737086296082,-0.11267170400088844,0.4963240623474121,-0.14534670114517212,-0.12364365995591697,0.19467297196388245,-0.06148111820220947,-0.08586772621339378,0.3324298858642578,-0.06648379564285278,-0.10862751395171699,0.4199379086494446,-0.06578004360198975,-0.125750259465633,0.48300737142562866,-0.06562823057174683,-0.13808612615531501,0.1935552954673767,-0.0015583038330078125,-0.09405346304839668,0.29695969820022583,0.009105324745178223,-0.11473897189563331,0.35832130908966064,0.020971953868865967,-0.12170870692199287,0.40816253423690796,0.03072512149810791,-0.12517879993384895
37_038,0.0,0.0,0.0,0.06425416469573975,-0.04517066478729248,-0.03939186347741952,0.10113942623138428,-0.13619035482406616,-0.061142023039053583,0.0907483696937561,-0.20479249954223633,-0.08501451028604379,0.08344602584838867,-0.26807981729507446,-0.10349148823041787,0.024683594703674316,-0.2647506296634674,-0.030323912707160616,0.03214001655578613,-0.3802209198474884,-0.0661456690551745,0.0346454381942749,-0.45100629329681396,-0.08686650855560174,0.03687995672225952,-0.5108358561992645,-0.09946313066501489,-0.02835988998413086,-0.2617369592189789,-0.039669367802332545,-0.02468782663345337,-0.40294507145881653,-0.08243417305965295,0.006422579288482666,-0.47698909044265747,-0.10274339033384194,0.03164631128311157,-0.5302680134773254,-0.11079132868070474,-0.07229742407798767,-0.2394043207168579,-0.05495512051601281,-0.015357613563537598,-0.3440747857093811,-0.1208106235982882,0.03580164909362793,-0.2842077910900116,-0.12816459251661172,0.054209351539611816,-0.226279616355896,-0.11623024506587853,-0.09916424751281738,-0.1983938217163086,-0.0730440871240603,-0.013896584510803223,-0.23129761219024658,-0.13021290613431802,0.021371781826019287,-0.17929613590240479,-0.1368819953324305,0.023759901523590088,-0.13181179761886597,-0.12921902848501077
38_040,0.0,0.0,0.0,0.09647068381309509,-0.04261845350265503,-0.05435650280242044,0.1642819344997406,-0.13625824451446533,-0.07730229056005555,0.22105589509010315,-0.21725434064865112,-0.09994739896183091,0.276329904794693,-0.26992809772491455,-0.12161972230796891,0.07004448771476746,-0.2707676291465759,-0.04319330161933976,0.0988333523273468,-0.3923802971839905,-0.08531743145113069,0.1121845543384552,-0.466040700674057,-0.11123898482446748,0.11859181523323059,-0.5339177846908569,-0.12735305583601075,-0.0020636916160583496,-0.27520859241485596,-0.04427181041364747,-0.017258375883102417,-0.40452253818511963,-0.09549835926418382,-0.02813050150871277,-0.4868146777153015,-0.12367078518991548,-0.042583972215652466,-0.5593992173671722,-0.1347972736371048,-0.06070283055305481,-0.2420719861984253,-0.05118755480771142,-0.09135457873344421,-0.31093573570251465,-0.1273008570683487,-0.06264659762382507,-0.22735226154327393,-0.13675466036920625,-0.03900614380836487,-0.16429883241653442,-0.11988784974937516,-0.10505929589271545,-0.18640875816345215,-0.06158073103551942,-0.12354865670204163,-0.2069157361984253,-0.12631450450544435,-0.09286484122276306,-0.15405505895614624,-0.13061822807912904,-0.060663074254989624,-0.11341464519500732,-0.11627962297325212
39_041,0.0,0.0,0.0,0.08872359991073608,-0.036591529846191406,-0.05405905245951459,0.16642743349075317,-0.12411272525787354,-0.08163385613969609,0.23091351985931396,-0.19034087657928467,-0.10642018689922139,0.29448115825653076,-0.22284811735153198,-0.1302609048705463,0.07549810409545898,-0.2613096833229065,-0.05770468860081479,0.07372266054153442,-0.37738746404647827,-0.09577574356607244,0.06904768943786621,-0.4487455487251282,-0.11383844687751576,0.06333029270172119,-0.5090968608856201,-0.1266949973922138,0.011959671974182129,-0.2562505006790161,-0.052517028145111055,0.003348112106323242,-0.264557808637619,-0.11507659926227376,0.017419099807739258,-0.17238569259643555,-0.12122583910039708,0.02807074785232544,-0.13129472732543945,-0.11087677403501317,-0.045730143785476685,-0.2322024703025818,-0.05334341301730916,-0.05003625154495239,-0.21245378255844116,-0.1152947373609905,-0.025748878717422485,-0.1338200569152832,-0.10207665487340734,-0.008670032024383545,-0.11094111204147339,-0.0777961440306072,-0.09936916828155518,-0.20123964548110962,-0.05924756973198697,-0.09965640306472778,-0.1873120665550232,-0.09730044528058812,-0.07245945930480957,-0.13085973262786865,-0.08682153894714162,-0.05395236611366272,-0.11409419775009155,-0.06914437337926671
40_042,0.0,0.0,0.0,0.09295654296875,-0.07621622085571289,0.023789668798997354,0.1384364366531372,-0.14182424545288086,0.01206070777828927,0.17782407999038696,-0.19169270992279053,-0.016497917130038786,0.192851722240448,-0.23672911524772644,-0.03938505205456977,0.0028034448623657227,-0.25660470128059387,0.02676557783837552,0.028945207595825195,-0.37366461753845215,-0.01701283048038249,0.09299510717391968,-0.3927537202835083,-0.042315618723080206,0.13457250595092773,-0.3580487072467804,-0.04809389415328269,-0.014073848724365234,-0.2599414587020874,-0.012487362726972151,0.03589111566543579,-0.4086862951517105,-0.05343149381820922,0.10687541961669922,-0.4100658446550369,-0.06341816636864905,0.14682739973068237,-0.37742817401885986,-0.05703267979566817,-0.008225798606872559,-0.24482840299606323,-0.05508803355638747,0.12435144186019897,-0.3095357120037079,-0.08979195508305793,0.1579885482788086,-0.24110528826713562,-0.07305274310652976,0.147536039352417,-0.19053751230239868,-0.049318318843290854,0.024289190769195557,-0.21422380208969116,-0.09838406148497825,0.14226853847503662,-0.22897660732269287,-0.10564793053214316,0.15222269296646118,-0.1781715750694275,-0.08191325667445426,0.12862682342529297,-0.14114171266555786,-0.0588319465810514
41_043,0.0,0.0,0.0,0.061469435691833496,-0.03322571516036987,-0.05170401195789509,0.08978068828582764,-0.11082452535629272,-0.07401708151007824,0.023033559322357178,-0.169592022895813,-0.08852601433898144,-0.032313406467437744,-0.2201143503189087,-0.10543685043955975,0.09527134895324707,-0.2787182927131653,-0.05022918815518551,0.13335847854614258,-0.3987578749656677,-0.07875649268532925,0.15462666749954224,-0.4754413962364197,-0.10133926952983074,0.1690618395805359,-0.5442644953727722,-0.11769114072228604,0.030687391757965088,-0.29271501302719116,-0.05266260365749531,0.04356825351715088,-0.42978039383888245,-0.07829275364781552,0.04586917161941528,-0.5143669843673706,-0.10413299883509808,0.05023068189620972,-0.5875508785247803,-0.11926910663748913,-0.026304244995117188,-0.27147334814071655,-0.05971887345219784,-0.03674668073654175,-0.3922657370567322,-0.1061044820656889,-0.040428757667541504,-0.4703766703605652,-0.1454026513805502,-0.04054480791091919,-0.5410133600234985,-0.16916478807831936,-0.07753971219062805,-0.22118759155273438,-0.06870854283477001,-0.06462618708610535,-0.2653903365135193,-0.12326927865649395,-0.048210740089416504,-0.2109968662261963,-0.1369562857856863,-0.033984243869781494,-0.16020441055297852,-0.13938879604245358
42_324,0.0,0.0,0.0,0.07558086514472961,-0.06245899200439453,-0.033272446557532476,0.1844797432422638,-0.06394553184509277,-0.06614402817154996,0.2592308223247528,0.0015868544578552246,-0.08492367105151288,0.28943243622779846,0.061249494552612305,-0.10158206658030622,0.15303847193717957,-0.05001339316368103,-0.14719444648886792,0.27830377221107483,0.0512925386428833,-0.1928415461030113,0.3417445123195648,0.10369598865509033,-0.21694012121821515,0.3892861306667328,0.15002864599227905,-0.23168975250388257,0.10253337025642395,0.016952991485595703,-0.1447744383063423,0.23976287245750427,0.10875678062438965,-0.19082528488303296,0.2244860827922821,0.07636052370071411,-0.18163354830409162,0.18325743079185486,0.04146057367324829,-0.16979003088141553,0.06888410449028015,0.07405465841293335,-0.1373344077315437,0.19878199696540833,0.14470314979553223,-0.15936485068465345,0.18596991896629333,0.10962659120559692,-0.12791991369391553,0.1520155966281891,0.07603484392166138,-0.10366331176425092,0.04555264115333557,0.1248818039894104,-0.13239693777228467,0.15374073386192322,0.16722524166107178,-0.1349988593306648,0.14601561427116394,0.1377893090248108,-0.10690907524491422,0.11114779114723206,0.11228299140930176,-0.08654839681054227
43_334,0.0,0.0,0.0,-0.06970065832138062,-0.06723260879516602,-0.04229552077151766,-0.09314244985580444,-0.18538814783096313,-0.08384614216186037,-0.06780964136123657,-0.29156434535980225,-0.11589577572442522,-0.05555301904678345,-0.3705611228942871,-0.14502976613141527,-0.13205045461654663,-0.08910858631134033,-0.13839448766805162,-0.0791243314743042,-0.23241651058197021,-0.1904335595855855,-0.04364067316055298,-0.30970847606658936,-0.2124653287420415,-0.011512458324432373,-0.37184950709342957,-0.22524884121514788,-0.05661410093307495,-0.05905270576477051,-0.14340972678758135,-0.019981443881988525,-0.23677098751068115,-0.20670769887067308,-0.03130614757537842,-0.21978777647018433,-0.20853198843099108,-0.04941636323928833,-0.1746608018875122,-0.2043338395843648,0.0167427659034729,-0.05350935459136963,-0.14651727454759111,0.03602278232574463,-0.22880542278289795,-0.18742917256452074,0.02494603395462036,-0.19827359914779663,-0.15748296456433764,0.012900948524475098,-0.15145665407180786,-0.13225558178521624,0.08465695381164551,-0.06319314241409302,-0.1538272179851674,0.09064596891403198,-0.20361047983169556,-0.16907624678708544,0.07720345258712769,-0.1802242398262024,-0.14528809266187181,0.06909918785095215,-0.13331353664398193,-0.1281028516779088
44_339,0.0,0.0,0.0,0.07402563095092773,-0.06670880317687988,-0.009454923426687856,0.16668200492858887,-0.0592038631439209,-0.03279759802478566,0.22884708642959595,-0.010218560695648193,-0.04888721623080983,0.2652950882911682,0.0349506139755249,-0.0660994506682755,0.177135169506073,-0.05102628469467163,-0.11197476156610264,0.28470128774642944,-0.007312417030334473,-0.1515343866552712,0.3546943664550781,0.01710200309753418,-0.17717721380847706,0.408419668674469,0.03988915681838989,-0.1952323994840981,0.15195339918136597,0.018894612789154053,-0.11780836500781788,0.2714136838912964,0.10310173034667969,-0.15137095071929707,0.3432878851890564,0.15561795234680176,-0.16342463411945118,0.39477109909057617,0.19635581970214844,-0.1749035797323586,0.12382549047470093,0.0782974362373352,-0.11489816077607884,0.2382407784461975,0.14811080694198608,-0.12999709763187184,0.238603413105011,0.12019991874694824,-0.10868784852880253,0.2175825834274292,0.08935701847076416,-0.0947687707151772,0.09836116433143616,0.12099337577819824,-0.1119915775265099,0.18364733457565308,0.15089040994644165,-0.12209402092355504,0.18679189682006836,0.11773943901062012,-0.1032463542427422,0.16957473754882812,0.08967769145965576,-0.08736639537471547
